SNP,gene,Z_gwas,P_gwas,NES_eqtl,P_eqtl,PP_H4,PP_H3,PP_H1_H2
rs3922041,RP11-439M11.1,-3.954375629851766,7.912e-05,-0.4445,2.46513e-11,0.7836554995057449,0.0007836554995057464,0.21554756471180533
rs2941265,RRN3,-3.832024792129355,0.0001339,-0.308798,8.57303e-08,0.6791419996910816,0.000679141999691083,0.30079283308438215
rs13204743,SLC25A27,3.8098114435112334,0.0001438,0.569663,2.0377300000000001e-19,0.6742837779947546,0.0006742837779947548,0.3250419382262472
rs7757864,PKMP3,-3.7968857639747955,0.0001426,0.302614,7.963e-06,0.28044242848288997,0.0002804424284828903,0.14313712387111935
rs7820678,SMIM19,3.212123260898254,0.001314,0.385297,5.78027e-11,0.20283546450217452,0.00020283546450217528,0.7968861258540775
rs2246877,RP11-742D12.2,3.696141063851629,0.00022,0.225003,3.5054e-05,0.08721689202106941,8.721689202106952e-05,0.06555350018793436
rs8016830,PPM1A,3.3095208163903536,0.0009237,0.161511,1.3029e-05,0.05018772061117588,5.0187720611176164e-05,0.14381396139292155
rs11648940,RMI2,2.17611288969008,0.03,-0.86602,1.50739e-19,0.015384848402881356,1.5384848402881413e-05,0.9845997666678091
rs9967332,MPPE1,-1.4834945911892883,0.1379,-0.466031,9.07146e-10,0.0043722773961788865,4.372277396178891e-06,0.993485779383196
rs9842505,CCDC174,-1.3333138754621885,0.1828,0.91006,3.69272e-33,0.0035494421928017037,3.5494421928017044e-06,0.996447008365003
rs1358911,GNG10,-0.6931282672612228,0.489,-0.447265,2.2915599999999998e-20,0.00185888514014072,1.8588851401407203e-06,0.9981392559745971
rs2696035,PRIMPOL,-0.23111762274742803,0.8164,0.356579,8.76037e-09,0.0014882096837853791,1.4882096837853847e-06,0.989252542631542
rs35175040,CTB-92J24.2,2.084276756392909,0.03717,0.383042,1.17616e-05,0.0014447194557915518,1.444719455791556e-06,0.11244400676738096
rs10771763,IPO8,-1.5465729960221313,0.1223,0.238509,1.09266e-05,0.0008525642789390691,8.525642789390724e-07,0.17607433673488837
rs2545803,FAM193B,0.14628362420721827,0.8849,-0.269494,2.23816e-06,0.0006823699065297533,6.823699065297559e-07,0.46090821968305073
rs13322132,HEG1,1.087046492581206,0.2778,0.189724,5.92485e-05,0.00012031058736043945,1.2031058736043947e-07,0.045501544744802024
rs4930355,ZDHHC24,-1.3868181840744473,0.1648,0.304435,0.000147489,6.927102844929887e-05,6.927102844929901e-08,0.018085874006199217
