SNP,variant_id,gene,tissue,pValue,nes,CHR,BP,P_gwas,MAF
rs10771763,chr12_30743737_A_T_b38,IPO8,Brain_Cortex,1.09266e-05,0.238509,12,30896671,4.297e-05,0.252
rs4930355,chr11_66349440_A_G_b38,ZDHHC24,Brain_Cortex,0.000147489,0.304435,11,66116911,5.282e-05,0.301
rs11648940,chr16_11355679_G_A_b38,RMI2,Brain_Cortex,1.50739e-19,-0.86602,16,11449536,6.252e-05,0.243
rs9842505,chr3_14656854_G_A_b38,CCDC174,Brain_Cortex,3.69272e-33,0.91006,3,14698361,7.294e-05,0.3299999999999999
rs3922041,chr2_6910756_C_T_b38,RP11-439M11.1,Brain_Cortex,2.46513e-11,-0.4445,2,7050887,7.912e-05,0.345
rs9967332,chr18_11906717_A_G_b38,MPPE1,Brain_Cortex,9.07146e-10,-0.466031,18,11906716,8.024e-05,0.437
rs9967332,chr18_11906717_A_G_b38,RP11-820I16.1,Brain_Cortex,4.48266e-08,0.53991,18,11906716,8.024e-05,0.437
rs13322132,chr3_125193363_C_T_b38,HEG1,Brain_Cortex,5.92485e-05,0.189724,3,124912207,0.0001028,0.418
rs8016830,chr14_60245313_A_C_b38,PPM1A,Brain_Cortex,1.3029e-05,0.161511,14,60712031,0.0001302,0.3219999999999999
rs1358911,chr9_111703079_C_T_b38,GNG10,Brain_Cortex,2.2915599999999998e-20,-0.447265,9,114465359,0.0001337,0.384
rs2941265,chr16_15141963_T_C_b38,RRN3,Brain_Cortex,8.57303e-08,-0.308798,16,15235820,0.0001339,0.434
rs2941265,chr16_15141963_T_C_b38,RP11-72I8.1,Brain_Cortex,2.5032e-12,-0.65172,16,15235820,0.0001339,0.434
rs2941265,chr16_15141963_T_C_b38,AF001548.5,Brain_Cortex,4.1676e-05,-0.353367,16,15235820,0.0001339,0.434
rs7757864,chr6_85671643_G_A_b38,PKMP3,Brain_Cortex,7.963e-06,0.302614,6,86381361,0.0001426,0.429
rs7757864,chr6_85671643_G_A_b38,SNHG5,Brain_Cortex,1.6976799999999998e-31,0.684104,6,86381361,0.0001426,0.429
rs13204743,chr6_46650719_T_C_b38,SLC25A27,Brain_Cortex,2.0377300000000001e-19,0.569663,6,46618456,0.0001438,0.303
rs13204743,chr6_46650719_T_C_b38,TDRD6,Brain_Cortex,5.4930100000000005e-18,-0.623615,6,46618456,0.0001438,0.303
rs2696035,chr4_184691799_A_G_b38,PRIMPOL,Brain_Cortex,8.76037e-09,0.356579,4,185612953,0.0001899,0.383
rs2696035,chr4_184691799_A_G_b38,CENPU,Brain_Cortex,1.82389e-05,-0.379586,4,185612953,0.0001899,0.383
rs7820678,chr8_42481323_C_G_b38,SMIM19,Brain_Cortex,5.78027e-11,0.385297,8,42338841,0.0002121,0.383
rs2246877,chr18_47050634_A_G_b38,RP11-742D12.2,Brain_Cortex,3.5054e-05,0.225003,18,44577005,0.00022,0.389
rs2545803,chr5_177533646_T_C_b38,FAM193B,Brain_Cortex,2.23816e-06,-0.269494,5,176960647,0.0002952,0.498
rs35175040,chr19_23772305_A_G_b38,CTB-92J24.2,Brain_Cortex,1.17616e-05,0.383042,19,23955107,0.000363,0.3399999999999999
