SNP,variant_id,gene,tissue,pValue,nes
rs10771763,chr12_30743737_A_T_b38,IPO8,Brain_Cortex,1.09266e-05,0.238509
rs4930355,chr11_66349440_A_G_b38,ZDHHC24,Brain_Cortex,0.000147489,0.304435
rs11648940,chr16_11355679_G_A_b38,RMI2,Brain_Cortex,1.50739e-19,-0.86602
